# Sampled answer key: Ucapan Belanjawan 2024 (ub24.md, speech only; no annexes in the text)
# Sample: every unit the scorer flags with no programme list (cold start) plus 150 unflagged units,
# drawn with `node scripts/benchmark.js ub24.md --draw 150 --seed 2024` (315 units, shuffled).
# Labelled blind on 2026-09-27: id and text only, without score or flag. Same conventions as
# references/ledger-2025.tsv. `item:<slug>` names a measure; there is no 2024 brain.
# unit	decision	note
P1	exclude:rhetoric	
P2	exclude:rhetoric	
P3	exclude:rhetoric	
P4	exclude:rhetoric	
P5	exclude:rhetoric	
P6	exclude:rhetoric	
P7	exclude:rhetoric	
P9	exclude:rhetoric	
P9.2	exclude:rhetoric	
P9.3	exclude:rhetoric	
P9.5	exclude:rhetoric	
P13	exclude:rhetoric	
P14	exclude:rhetoric	
P15	exclude:rhetoric	
P16	exclude:rhetoric	
P17	exclude:rhetoric	
P19	exclude:rhetoric	
P21	exclude:rhetoric	
P23	exclude:rhetoric	
P24	exclude:rhetoric	
P25	exclude:rhetoric	
P26	item:cukai_perkhidmatan_8	
P27	exclude:business	
P28	item:cukai_barang_bernilai_tinggi	
P29	exclude:business	
P30	exclude:heading	
P30.1	exclude:governance	
P30.2	exclude:governance	
P30.3	exclude:governance	
P31	exclude:governance	
P32	exclude:governance	
P32.1	exclude:governance	
P32.3	exclude:governance	
P33	exclude:rhetoric	
P34	exclude:rhetoric	
P35	exclude:allocation	
P36	exclude:rhetoric	
P38	exclude:rhetoric	
P39	exclude:governance	
P40	item:subsidi_elektrik_bersasar	
P41	item:subsidi_elektrik_bersasar	
P42	item:rebat_elektrik	
P43	exclude:governance	
P44	item:diesel_bersasar	
P45	exclude:governance	
P48	exclude:rhetoric	
P49	exclude:governance	
P51	exclude:infra	
P52	exclude:heading	
P52.1	exclude:governance	
P52.3	exclude:governance	
P52.5	exclude:business	
P53	exclude:governance	
P55	exclude:governance	
P56	exclude:heading	
P57	exclude:infra	
P59	exclude:infra	
P59.1	exclude:allocation	
P59.2	exclude:infra	
P59.4	exclude:infra	
P59.5	exclude:infra	
P60	item:bantuan_guaman	
P61	item:kwarm_luar_negeri	
P63	item:peluang_kedua_muflis	
P64	exclude:governance	
P65	exclude:governance	
P66	exclude:governance	
P68	exclude:rhetoric	
P69	exclude:allocation	
P70	exclude:governance	
P71	exclude:governance	
P72	exclude:governance	
P74	exclude:governance	
P75	exclude:governance	
P76	exclude:governance	
P77	exclude:rhetoric	
P78	exclude:business	
P79	exclude:rhetoric	
P81	exclude:business	
P82	exclude:heading	
P84	exclude:business	
P85.1	exclude:business	
P86	exclude:business	
P88	exclude:rhetoric	
P91	exclude:rhetoric	
P92.1	exclude:business	
P92.3	exclude:rhetoric	
P93	exclude:business	
P94	exclude:business	
P95	exclude:rhetoric	
P95.1	exclude:business	
P96	item:itekad	
P98	exclude:heading	
P99	exclude:allocation	
P100	item:pinjaman_mikro	
P100.1	item:pinjaman_mikro	
P100.2	item:tekun	
P100.3	item:pinjaman_usahawan_wanita_belia	
P104	item:aim	
P105	exclude:business	
P106.1	item:geran_digital_pks	
P106.2	exclude:business	
P106.3	item:shop_malaysia_online	
P107	exclude:business	
P109	exclude:allocation	
P110	item:pensijilan_profesional	
P111	item:latihan_madani_hrd	
P112	exclude:heading	
P112.1	item:academy_in_industry	
P112.2	exclude:business	
P114	item:tahfiz_tvet	
P115	item:pelepasan_kursus	
P116	item:pelepasan_gaya_hidup	
P117	exclude:non-citizen	
P118	exclude:heading	
P120	exclude:rhetoric	
P121.1	exclude:infra	
P121.3	exclude:infra	
P124	exclude:rhetoric	
P126	exclude:heading	
P126.4	exclude:business	
P126.5	exclude:business	
P127.1	exclude:infra	
P127.2	exclude:infra	
P128	exclude:non-citizen	
P129	exclude:non-citizen	
P130	exclude:heading	
P130.2	exclude:business	
P130.3	exclude:business	
P131.2	exclude:business	
P131.4	exclude:governance	
P132	exclude:business	
P134.2	exclude:business	
P138	item:tanam_semula_sawit	
P139	exclude:business	
P140	item:gas_stimulan_getah	
P141	item:tanaman_makanan_pekebun_kecil	
P143	item:ipg_getah	
P144	exclude:rhetoric	
P146	exclude:rhetoric	
P149	exclude:business	
P150	exclude:heading	
P150.2	item:motosikal_elektrik	
P150.3	exclude:infra	
P150.4	item:pelepasan_ev	
P151.1	item:nem_solar	
P151.3	exclude:business	
P153	exclude:business	
P156	exclude:allocation	
P157	exclude:institution	
P158	item:pampasan_hidupan_liar	
P160	exclude:business	
P161	exclude:business	
P162	exclude:infra	
P163.2	exclude:infra	
P163.3	exclude:infra	
P163.6	exclude:infra	
P165	exclude:infra	
P167.2	exclude:allocation	
P167.4	exclude:rhetoric	
P168	exclude:infra	
P169	exclude:rhetoric	
P170.1	item:subsidi_harga_padi	
P170.2	item:harga_lantai_padi	
P170.3	exclude:infra	
P170.4	item:subsidi_padi_bukit	
P170.5	item:subsidi_nelayan	
P170.6	exclude:allocation	
P170.7	exclude:business	
P171	exclude:rhetoric	
P172	exclude:rhetoric	
P173	exclude:rhetoric	
P174	exclude:allocation	
P176	exclude:rhetoric	
P177	item:payung_rahmah	
P177.1	item:jualan_rahmah	
P177.2	item:pasar_rahmah	
P178	exclude:rhetoric	
P179	exclude:heading	
P179.1	item:str	
P179.2	exclude:allocation	
P179.3	item:str	
P179.4	item:str	
P179.5	item:str	
P179.6	item:sara	
P179.7	item:str	
P180	item:ipr	
P181	exclude:rhetoric	
P182	item:mystep	
P183.1	exclude:business	
P183.2	item:mystep	
P184	item:bina_kerjaya_perkeso	
P185	item:bantuan_jkm	
P186	item:ujian_memandu_b2	
P187	item:sksps	
P188	item:perkeso_siling_gaji	
P189	item:kwsp_akaun_fleksibel	
P190	exclude:heading	
P191	exclude:rhetoric	
P191.4	exclude:business	
P192	item:wanita_kembali_bekerja	
P193	item:elaun_penjagaan_anak_cukai	
P194	exclude:non-citizen	
P195	exclude:allocation	
P196.1	exclude:infra	
P197	exclude:institution	
P198	item:ganjaran_sukarelawan_belia	
P199	exclude:institution	
P200	item:tube	
P202	exclude:allocation	
P203	exclude:institution	
P204.1	item:bantuan_oku	
P204.2	item:elaun_pelatih_oku	
P204.3	item:pembiayaan_usahawan_oku	
P205	item:warga_emas_jkm	
P206	exclude:business	
P208	exclude:governance	
P209	exclude:non-citizen	
P211	exclude:allocation	
P212.2	exclude:infra	
P213	exclude:infra	
P213.1	exclude:infra	
P213.2	exclude:infra	
P213.5	exclude:infra	
P214	item:bkp	
P215	item:kwapm	
P216	exclude:rhetoric	
P216.1	exclude:governance	
P216.2	exclude:infra	
P217	exclude:heading	
P217.2	exclude:infra	
P218	exclude:institution	
P219	exclude:institution	
P220	exclude:governance	
P223	exclude:infra	
P224	item:pembelajaran_sepanjang_hayat	
P225	exclude:institution	
P226	exclude:institution	
P227	item:diskaun_ptptn	
P228	exclude:rhetoric	
P228.1	item:had_yuran_pendaftaran_ua	
P228.2	item:yuran_tidak_disekat	
P229	exclude:rhetoric	
P230	exclude:allocation	
P231	exclude:rhetoric	
P231.1	exclude:infra	
P232	exclude:infra	
P233	exclude:infra	
P234	exclude:infra	
P235	item:saringan_malaysia_sihat	
P236.1	item:duti_tembakau_kunyah	
P236.2	item:duti_minuman_bergula	
P237	item:skim_perubatan_madani	
P238	exclude:rhetoric	
P239	exclude:institution	
P240	exclude:institution	
P242	exclude:allocation	
P242.1	exclude:infra	
P242.2	exclude:infra	
P242.3	exclude:infra	
P246	exclude:rhetoric	
P246.3	exclude:infra	
P247	exclude:allocation	
P247.4	item:my50	
P248	exclude:infra	
P249	exclude:infra	
P251	exclude:allocation	
P251.2	item:ppr	
P251.3	item:rmr	
P251.4	item:bantuan_bina_rumah	
P252	item:sjkp	
P253	exclude:rhetoric	
P255	exclude:infra	
P256	exclude:infra	
P257	exclude:non-citizen	
P258	item:duti_setem_faraid	
P261	exclude:heading	
P261.1	exclude:infra	
P261.2	exclude:infra	
P261.3	exclude:infra	
P261.4	exclude:infra	
P263.1	exclude:infra	
P263.2	exclude:infra	
P264	exclude:heading	
P264.3	item:protege_rtw_veteran	
P264.4	item:kuota_veteran	
P266.2	exclude:infra	
P266.4	item:sumbangan_khas_imam_kafa	
P267	exclude:institution	
P268	exclude:rhetoric	
P269	exclude:heading	
P269.1	exclude:institution	
P269.2	exclude:institution	
P270	item:pelepasan_sukan	
P271	exclude:institution	
P272	exclude:rhetoric	
P274	exclude:infra	
P276	item:potongan_derma_sukan	
P277	exclude:institution	
P278	exclude:heading	
P278.2	exclude:institution	
P278.3	exclude:institution	
P279	exclude:business	
P280	exclude:institution	
P281	exclude:institution	
P282	item:pakaian_batik_penjawat	
P283	item:ex_gratia_bencana_kerja	
P284	exclude:governance	
P285	item:bayaran_insentif_sspa	
P286	item:insentif_pesara	
P287	exclude:governance	
P289	exclude:rhetoric	
P290	exclude:rhetoric	
P292	exclude:rhetoric	
P293	exclude:rhetoric	
