# Ledger: Ucapan Belanjawan 2025 (ub25.md), 1210 units from scripts/split-source.js
# ANSWER KEY ONLY: there is no 2025 brain. `item:<slug>` names a person-level measure (one slug per
# measure; Lampiran I restatements reuse the speech measure's slug), not a brain item.
# Labelled blind on 2026-09-27 from the text only: each unit read with its id and text, without its
# score or flag, so the key doesn't copy the scorer. Used by scripts/benchmark.js, and as last year's
# baseline when the 2027 rebuild starts.
# Conventions: help reaching people through a small business (micro-financing, fee waivers) counts as
# person-level; employer and company incentives are exclude:business; grants to schools, NGOs or
# community bodies are exclude:institution; donor deductions and consumer-law changes are person-level.
# unit	decision	note
P1	exclude:rhetoric	
P2	exclude:rhetoric	
P3	exclude:rhetoric	
P4	exclude:rhetoric	
P5	exclude:rhetoric	
P6	exclude:rhetoric	
P7	exclude:rhetoric	
P8	exclude:rhetoric	
P9	exclude:rhetoric	
P10	exclude:rhetoric	
P11	exclude:rhetoric	
P12	exclude:infra	
P13	exclude:infra	
P14	exclude:allocation	
P15	exclude:rhetoric	
P15.1	exclude:heading	
P15.2	exclude:governance	
P15.3	exclude:governance	
P15.4	exclude:governance	
P15.5	exclude:governance	
P15.6	exclude:governance	
P15.7	exclude:heading	
P15.8	exclude:governance	
P15.9	exclude:governance	
P15.10	exclude:governance	
P15.11	exclude:heading	
P15.12	exclude:governance	
P15.13	exclude:governance	
P15.14	exclude:governance	
P16	exclude:rhetoric	
P17	exclude:rhetoric	
P18	exclude:rhetoric	
P19	exclude:rhetoric	
P20	exclude:rhetoric	
P21	exclude:rhetoric	
P22	exclude:rhetoric	
P23	exclude:rhetoric	
P24	exclude:rhetoric	
P25	exclude:rhetoric	
P26	exclude:rhetoric	
P26.1	exclude:governance	
P26.2	exclude:governance	
P26.3	exclude:governance	
P26.4	exclude:governance	
P26.5	exclude:governance	
P26.6	exclude:governance	
P26.7	exclude:governance	
P26.8	exclude:governance	
P27	exclude:governance	
P28	exclude:governance	
P29	exclude:rhetoric	
P30	exclude:heading	
P30.1	exclude:heading	
P30.2	exclude:heading	
P30.3	exclude:heading	
P30.4	exclude:heading	
P30.5	exclude:heading	
P31	exclude:rhetoric	
P32	exclude:rhetoric	
P33	exclude:governance	
P34	exclude:governance	
P35	exclude:governance	
P35.1	exclude:governance	
P35.2	exclude:governance	
P35.3	exclude:governance	
P35.4	exclude:governance	
P36	exclude:governance	
P36.1	exclude:governance	
P36.2	exclude:governance	
P36.3	exclude:governance	
P36.4	exclude:governance	
P37	exclude:governance	
P38	exclude:governance	
P39	exclude:governance	
P39.1	exclude:governance	
P39.2	exclude:governance	
P40	exclude:governance	
P41	exclude:governance	
P42	item:sst_barang_premium	
P43	exclude:business	
P44	exclude:governance	
P45	item:cukai_dividen	
P46	item:cukai_dividen	
P47	exclude:rhetoric	
P48	exclude:rhetoric	
P49	exclude:rhetoric	
P50	exclude:heading	
P50.1	item:tarif_elektrik	
P50.2	exclude:past	
P50.3	exclude:past	
P50.4	item:budi_madani_diesel	
P51	exclude:rhetoric	
P52	exclude:rhetoric	
P53	exclude:governance	
P54	item:ron95_sasaran	
P55	item:ron95_sasaran	
P56	exclude:governance	
P57	exclude:governance	
P58	item:subsidi_t15	
P59	item:subsidi_t15	
P60	exclude:governance	
P61	exclude:governance	
P62	exclude:allocation	
P63	exclude:allocation	
P64	exclude:infra	
P65	exclude:heading	
P65.1	exclude:allocation	
P65.2	exclude:institution	
P65.3	exclude:infra	
P65.4	exclude:infra	
P65.5	exclude:infra	
P65.6	exclude:infra	
P66	exclude:governance	
P67	exclude:governance	
P67.1	exclude:infra	
P67.2	exclude:infra	
P67.3	exclude:infra	
P67.4	exclude:infra	
P67.5	exclude:infra	
P68	exclude:rhetoric	
P69	exclude:governance	
P70	exclude:allocation	
P71	exclude:governance	
P72	exclude:governance	
P73	exclude:allocation	
P74	exclude:allocation	
P75	exclude:allocation	
P76	exclude:governance	
P77	item:akta_kredit_pengguna	
P78	exclude:infra	
P79	exclude:heading	
P79.1	exclude:governance	
P79.2	exclude:governance	
P79.3	exclude:governance	
P79.4	exclude:governance	
P80	exclude:heading	
P80.1	exclude:governance	
P80.2	exclude:governance	
P81	exclude:governance	
P82	exclude:governance	
P83	exclude:governance	
P84	exclude:governance	
P84.1	exclude:governance	
P84.2	exclude:governance	
P85	exclude:governance	
P86	exclude:governance	
P87	exclude:governance	
P88	exclude:governance	
P89	exclude:governance	
P90	exclude:governance	
P91	exclude:governance	
P91.1	exclude:governance	
P91.2	exclude:governance	
P91.3	exclude:governance	
P91.4	exclude:governance	
P92	exclude:allocation	
P92.1	exclude:governance	
P92.2	exclude:governance	
P92.3	exclude:governance	
P92.4	exclude:governance	
P92.5	exclude:governance	
P93	exclude:institution	
P94	exclude:rhetoric	
P94.1	exclude:rhetoric	
P94.2	exclude:rhetoric	
P94.3	exclude:rhetoric	
P94.4	exclude:rhetoric	
P95	exclude:allocation	
P96	exclude:heading	
P96.1	exclude:governance	
P96.2	exclude:governance	
P96.3	exclude:governance	
P97	exclude:governance	
P98	exclude:governance	
P99	exclude:governance	
P100	exclude:governance	
P101	exclude:heading	
P101.1	item:lesen_motosikal_belia	
P101.2	item:tiket_penerbangan_mahasiswa	
P101.3	item:topi_keledar_percuma	
P102	exclude:rhetoric	
P103	exclude:governance	
P103.1	exclude:governance	
P103.2	exclude:governance	
P103.3	exclude:governance	
P104	exclude:governance	
P105	exclude:allocation	
P106	exclude:allocation	
P107	exclude:governance	
P107.1	exclude:allocation	
P107.2	exclude:institution	
P107.3	exclude:infra	
P107.4	exclude:infra	
P108	exclude:heading	
P108.1	exclude:infra	
P108.2	exclude:infra	
P108.3	exclude:infra	
P109	exclude:rhetoric	
P110	exclude:business	
P111	exclude:business	
P111.1	exclude:business	
P112	exclude:business	
P113	exclude:business	
P114	exclude:business	
P115	exclude:business	
P115.1	exclude:business	
P115.2	exclude:business	
P116	exclude:business	
P117	exclude:rhetoric	
P118	exclude:heading	
P118.1	exclude:business	
P118.2	exclude:business	
P118.3	exclude:business	
P118.4	exclude:business	
P119	exclude:business	
P120	exclude:rhetoric	
P121	exclude:allocation	
P122	exclude:governance	
P123	exclude:business	
P124	exclude:business	
P125	exclude:heading	
P125.1	item:geran_digital_penjaja	
P125.2	exclude:institution	
P126	exclude:governance	
P126.1	item:forest_city_bebas_cukai	
P126.2	exclude:business	
P126.3	exclude:business	
P126.4	exclude:governance	
P127	exclude:governance	
P128	exclude:business	
P128.1	exclude:business	
P128.2	exclude:business	
P128.3	exclude:business	
P129	exclude:heading	
P129.1	exclude:business	
P129.2	exclude:infra	
P130	exclude:allocation	
P130.1	exclude:allocation	
P130.2	exclude:allocation	
P130.3	exclude:allocation	
P131	exclude:allocation	
P131.1	exclude:infra	
P131.2	exclude:governance	
P131.3	exclude:governance	
P132	exclude:infra	
P133	exclude:rhetoric	
P134	exclude:rhetoric	
P135	exclude:rhetoric	
P136	exclude:business	
P137	exclude:allocation	
P138	exclude:infra	
P139	exclude:heading	
P139.1	item:nem_solar	
P139.2	exclude:business	
P139.3	exclude:infra	
P139.4	exclude:business	
P139.5	exclude:governance	
P140	exclude:heading	
P140.1	item:e_rebat	
P140.2	exclude:governance	
P140.3	exclude:infra	
P141	exclude:heading	
P141.1	exclude:business	
P141.2	exclude:governance	
P142	exclude:heading	
P142.1	exclude:business	
P142.2	item:motosikal_elektrik	
P143	exclude:heading	
P143.1	exclude:business	
P143.2	item:tax_kompos_ev	
P144	exclude:business	
P145	exclude:heading	
P145.1	exclude:institution	
P145.2	exclude:institution	
P145.3	exclude:infra	
P145.4	exclude:infra	
P146	exclude:governance	
P147	exclude:heading	
P147.1	exclude:institution	
P147.2	exclude:business	
P147.3	item:agrobank	
P147.4	item:insentif_penternak	
P148	exclude:heading	
P148.1	exclude:infra	
P148.2	exclude:governance	
P148.3	exclude:infra	
P149	exclude:heading	
P149.1	item:subsidi_pesawah_nelayan	
P149.2	item:rumah_nelayan	
P150	exclude:allocation	
P151	exclude:heading	
P151.1	exclude:business	
P151.2	item:tanam_semula_sawit	
P151.3	exclude:business	
P151.4	exclude:business	
P151.5	exclude:allocation	
P152	exclude:heading	
P152.1	item:insentif_lateks	
P152.2	exclude:business	
P152.3	exclude:allocation	
P153	exclude:rhetoric	
P154	exclude:business	
P155	item:itekad	
P156	exclude:business	
P157	exclude:institution	
P158	exclude:heading	
P158.1	exclude:governance	
P158.2	exclude:business	
P158.3	exclude:business	
P158.4	exclude:business	
P159	exclude:institution	
P160	exclude:heading	
P160.1	item:rumah_warga_emas_kwap	
P160.2	item:rumah_wakaf_uda	
P160.3	item:lppsa_wakaf	
P160.4	item:sjkp_wakaf	
P160.5	exclude:governance	
P160.6	exclude:institution	
P161	exclude:rhetoric	
P162	exclude:rhetoric	
P163	exclude:allocation	
P163.1	item:pinjaman_mikro	
P163.2	exclude:business	
P163.3	exclude:business	
P163.4	exclude:business	
P163.5	item:usahawan_wanita_belia	
P163.6	item:komuniti_india	
P164	item:duti_setem_pembiayaan_mikro	
P165	exclude:business	
P166	exclude:institution	
P167	exclude:allocation	
P167.1	exclude:infra	
P167.2	item:tamu_desa	
P167.3	exclude:infra	
P168	exclude:rhetoric	
P169	exclude:business	
P170	item:pembiayaan_bumiputera	
P171	exclude:business	
P172	exclude:business	
P173	exclude:governance	
P174	exclude:infra	
P175	exclude:rhetoric	
P176	exclude:rhetoric	
P177	item:str_sara	
P177.1	item:str_sara	
P177.2	item:str_sara	
P177.3	item:str_sara	
P177.4	item:str_sara	
P177.5	exclude:rhetoric	
P178	item:jkm_bantuan	
P178.1	item:jkm_bantuan	
P179	exclude:heading	
P179.1	item:str_sara	
P179.2	item:str_sara	
P179.3	exclude:rhetoric	
P179.4	exclude:governance	
P180	item:str_fasa4_2024	
P181	exclude:governance	
P182	exclude:allocation	
P182.1	item:payung_rahmah	
P182.2	exclude:allocation	
P183	item:harga_pedalaman	
P184	exclude:heading	
P184.1	item:tax_insurans_pendidikan_perubatan	
P184.2	item:tax_perubatan_copay	
P184.3	item:tax_pendapatan_luar_negara	
P185	exclude:rhetoric	
P186	item:gaji_minimum	
P187	item:gaji_minimum	
P188	exclude:governance	
P189	item:gaji_progresif	
P190	item:ipr	
P191	exclude:heading	
P191.1	item:i_saraan	
P191.2	item:i_suri	
P191.3	item:sksps	
P191.4	item:perlindungan_tenang	
P191.5	item:kwsp_pindah_generasi	
P191.6	item:tax_prs	
P191.7	exclude:non-citizen	
P192	item:duti_setem_hibah_insurans	
P193	exclude:rhetoric	
P194	exclude:rhetoric	
P195	exclude:allocation	
P196	exclude:rhetoric	
P196.1	exclude:infra	
P196.2	exclude:infra	
P196.3	exclude:infra	
P196.4	exclude:infra	
P196.5	exclude:rhetoric	
P197	exclude:allocation	
P197.1	item:bantuan_makanan_asrama	
P197.2	item:rmt	
P197.3	item:bap	
P197.4	item:kwapm	
P197.5	exclude:institution	
P198	exclude:governance	
P198.1	exclude:institution	
P198.2	exclude:institution	
P199	item:elaun_siswa_guru	
P200	exclude:rhetoric	
P201	exclude:allocation	
P202	exclude:heading	
P202.1	item:biasiswa_pinjaman	
P202.2	item:biasiswa_glic	
P202.3	exclude:business	
P202.4	item:ptptn_stem	
P203	exclude:heading	
P203.1	item:tax_sspn	
P203.2	item:gapai	
P203.3	item:celik_madani	
P204	exclude:infra	
P205	exclude:institution	
P206	exclude:rhetoric	
P207	exclude:institution	
P207.1	exclude:institution	
P207.2	exclude:institution	
P207.3	exclude:institution	
P207.4	exclude:institution	
P208	exclude:governance	
P208.1	exclude:allocation	
P208.2	exclude:institution	
P208.3	exclude:allocation	
P209	exclude:allocation	
P209.1	exclude:governance	
P209.2	item:tvet_belia_rentan	
P209.3	exclude:governance	
P210	exclude:rhetoric	
P210.1	exclude:business	
P210.2	exclude:business	
P210.3	exclude:business	
P210.4	exclude:business	
P210.5	exclude:business	
P211	exclude:heading	
P211.1	exclude:institution	
P211.2	item:ptpk	
P211.3	item:latihan_madani_hrd	
P211.4	item:k_youth	
P211.5	item:tahfiz_kemahiran	
P211.6	item:giatmara_gig	
P211.7	exclude:business	
P211.8	exclude:infra	
P212	exclude:rhetoric	
P213	exclude:rhetoric	
P214	exclude:allocation	
P215	exclude:infra	
P216	exclude:infra	
P217	exclude:rhetoric	
P218	item:duti_minuman_bergula	
P219	exclude:heading	
P219.1	item:ubat_sglt2	
P219.2	item:dialisis_peritoneal	
P220	exclude:allocation	
P221	item:tax_ujian_kesihatan	
P222	exclude:rhetoric	
P222.1	item:rakan_kkm	
P222.2	item:ijn_pesara	
P222.3	exclude:business	
P223	exclude:rhetoric	
P224	exclude:infra	
P225	exclude:heading	
P225.1	item:penyakit_jarang_jumpa	
P225.2	item:mysalam	
P225.3	item:potongan_derma	
P226	exclude:heading	
P226.1	item:prr	
P226.2	item:sjkp	
P226.3	item:bantuan_bina_rumah	
P227	exclude:rhetoric	
P227.1	exclude:infra	
P227.2	exclude:infra	
P227.3	exclude:infra	
P227.4	exclude:institution	
P227.5	exclude:institution	
P227.6	exclude:institution	
P227.7	exclude:infra	
P227.8	exclude:institution	
P228	item:tax_faedah_rumah	
P228.1	item:tax_faedah_rumah	
P228.2	item:tax_faedah_rumah	
P229	exclude:allocation	
P229.1	exclude:infra	
P229.2	exclude:infra	
P229.3	exclude:infra	
P229.4	exclude:infra	
P230	exclude:governance	
P230.1	exclude:governance	
P230.2	exclude:governance	
P231	exclude:infra	
P232	exclude:rhetoric	
P232.1	item:ras	
P232.2	exclude:infra	
P232.3	item:my50	
P232.4	exclude:infra	
P232.5	exclude:infra	
P232.6	exclude:infra	
P232.7	item:van_sekolah_50sen	
P232.8	item:basmy_percuma_pelajar	
P233	exclude:heading	
P233.1	exclude:infra	
P233.2	exclude:infra	
P233.3	exclude:infra	
P233.4	exclude:infra	
P233.5	exclude:infra	
P234	exclude:governance	
P235	exclude:heading	
P235.1	item:perantis	
P235.2	item:returnship	
P235.3	exclude:business	
P235.4	item:pembiayaan_wanita	
P236	exclude:heading	
P236.1	exclude:business	
P236.2	exclude:business	
P237	item:plkn	
P238	item:rakan_muda	
P239	item:step_up	
P240	item:likes	
P241	item:tube	
P242	item:saringan_hepatitis_b	
P243	exclude:heading	
P243.1	exclude:infra	
P243.2	exclude:infra	
P244	item:tax_taska	
P245	exclude:rhetoric	
P245.1	exclude:institution	
P245.2	exclude:infra	
P245.3	item:elaun_mbk	
P245.4	item:bantuan_yuran_autisme	
P245.5	exclude:institution	
P245.6	item:pusat_autisme	
P245.7	item:tax_autisme	
P246	item:bantuan_warga_emas	
P247	item:tax_ibu_bapa	
P248	exclude:heading	
P248.1	item:bantuan_oku	
P248.2	item:elaun_pekerja_oku	
P248.3	exclude:institution	
P248.4	item:sinar_bsn_oku	
P249	item:tax_oku	
P250	exclude:governance	
P251	exclude:allocation	
P252	item:rumah_orang_asli	
P253	exclude:infra	
P254	exclude:business	
P255	exclude:institution	
P256	exclude:non-citizen	
P257	exclude:governance	
P258	exclude:rhetoric	
P259	exclude:institution	
P260	exclude:allocation	
P260.1	exclude:infra	
P260.2	exclude:institution	
P260.3	item:wang_saku_pelajar_islam	
P261	exclude:institution	
P262	exclude:institution	
P263	item:sumbangan_agama	
P264	exclude:allocation	
P264.1	exclude:allocation	
P264.2	exclude:allocation	
P264.3	exclude:allocation	
P264.4	exclude:institution	
P265	exclude:institution	
P266	exclude:rhetoric	
P267	exclude:allocation	
P268	exclude:allocation	
P269	item:tax_hadiah_sukan	
P270	exclude:allocation	
P271	exclude:institution	
P272	exclude:institution	
P273	exclude:institution	
P274	exclude:heading	
P274.1	exclude:allocation	
P274.2	exclude:business	
P274.3	exclude:business	
P274.4	item:belia_kreatif	
P275	exclude:rhetoric	
P276	exclude:allocation	
P277	exclude:allocation	
P278	exclude:allocation	
P278.1	exclude:infra	
P278.2	exclude:infra	
P278.3	exclude:infra	
P278.4	exclude:infra	
P279	exclude:allocation	
P280	exclude:allocation	
P281	item:protege_veteran	
P282	exclude:business	
P283	exclude:rhetoric	
P284	exclude:allocation	
P284.1	exclude:allocation	
P284.2	exclude:allocation	
P284.3	exclude:allocation	
P285	exclude:allocation	
P285.1	exclude:infra	
P285.2	exclude:infra	
P285.3	exclude:infra	
P286	exclude:infra	
P287	exclude:infra	
P288	exclude:heading	
P288.1	exclude:governance	
P288.2	exclude:governance	
P288.3	exclude:governance	
P289	exclude:rhetoric	
P290	exclude:heading	
P290.1	item:etap	
P290.2	item:apel_q	
P290.3	exclude:infra	
P290.4	item:lppsa_muda	
P290.5	item:ex_gratia_bencana_kerja	
P291	exclude:heading	
P291.1	item:bsh_veteran	
P291.2	item:penghargaan_pesara	
P292	exclude:rhetoric	
P292.1	exclude:rhetoric	
P292.2	exclude:rhetoric	
P292.3	exclude:governance	
P293	item:sspa	
P294	item:sspa_pencen	
P295	item:bkk	
P296	exclude:rhetoric	
P297	exclude:governance	
P298	exclude:rhetoric	
P299	exclude:rhetoric	
P300	exclude:rhetoric	
L1.1	exclude:heading	
L1.1.1	exclude:governance	
L1.1.2	exclude:governance	
L1.1.3	exclude:governance	
L1.1.4	exclude:governance	
L1.2	exclude:heading	
L1.2.1	exclude:governance	
L1.3	exclude:heading	
L1.3.1	exclude:allocation	
L1.3.2	item:tarif_elektrik	
L1.3.3	exclude:past	
L1.3.4	exclude:past	
L1.3.5	exclude:governance	
L1.3.6	item:ron95_sasaran	
L1.3.7	exclude:allocation	
L1.3.8	exclude:governance	
L1.3.9	exclude:allocation	
L1.4	exclude:heading	
L1.4.1	exclude:allocation	
L1.4.2	exclude:allocation	
L1.5	exclude:infra	
L1.5.1	exclude:allocation	
L1.5.2	exclude:allocation	
L1.5.3	exclude:institution	
L1.5.4	exclude:institution	
L1.5.5	exclude:institution	
L1.5.6	exclude:institution	
L1.5.7	exclude:institution	
L1.5.8	exclude:infra	
L1.5.9	exclude:infra	
L1.5.10	exclude:infra	
L1.5.11	exclude:infra	
L1.5.12	exclude:infra	
L1.6	exclude:heading	
L1.6.1	exclude:governance	
L1.7	exclude:heading	
L1.7.1	exclude:allocation	
L1.7.2	exclude:governance	
L1.7.3	exclude:governance	
L1.7.4	exclude:allocation	
L1.8	exclude:heading	
L1.8.1	exclude:allocation	
L1.8.2	exclude:allocation	
L1.9	exclude:heading	
L1.9.1	exclude:allocation	
L1.9.2	exclude:governance	
L1.9.3	item:akta_kredit_pengguna	
L1.9.4	item:akta_kredit_pengguna	
L1.9.5	exclude:infra	
L1.9.6	item:bantuan_guaman	
L1.9.7	exclude:infra	
L1.10	exclude:heading	
L1.10.1	exclude:governance	
L1.10.2	exclude:governance	
L1.10.3	exclude:governance	
L1.11	exclude:heading	
L1.11.1	exclude:governance	
L1.11.2	exclude:governance	
L1.11.3	exclude:governance	
L1.11.4	exclude:governance	
L1.11.5	exclude:governance	
L1.12	exclude:heading	
L1.12.1	exclude:institution	
L1.12.2	exclude:allocation	
L1.12.3	item:pekebun_kecil_angkat	
L1.12.4	exclude:governance	
L1.13	exclude:heading	
L1.13.1	exclude:governance	
L1.13.2	exclude:governance	
L1.13.3	exclude:governance	
L1.13.4	item:lesen_motosikal_belia	
L1.13.5	item:topi_keledar_percuma	
L1.13.6	exclude:governance	
L1.14	exclude:heading	
L1.14.1	exclude:allocation	
L1.14.2	exclude:governance	
L1.14.3	exclude:governance	
L1.14.4	exclude:governance	
L1.14.5	exclude:allocation	
L1.14.6	exclude:allocation	
L1.14.7	exclude:allocation	
L1.14.8	exclude:governance	
L1.15	exclude:heading	
L1.15.1	exclude:infra	
L1.15.2	exclude:allocation	
L1.15.3	exclude:institution	
L1.15.4	exclude:infra	
L1.15.5	exclude:infra	
L1.15.6	exclude:infra	
L1.15.7	exclude:infra	
L1.15.8	exclude:infra	
L1.15.9	exclude:infra	
L1.15.10	exclude:allocation	
L1.16	exclude:heading	
L1.16.1	exclude:business	
L1.16.2	exclude:business	
L1.16.3	exclude:business	
L1.16.4	exclude:business	
L1.17	exclude:heading	
L1.17.1	exclude:business	
L1.17.2	exclude:business	
L1.17.3	exclude:business	
L1.18	exclude:heading	
L1.18.1	exclude:business	
L1.18.2	exclude:business	
L1.18.3	exclude:business	
L1.18.4	exclude:business	
L1.18.5	exclude:governance	
L1.18.6	exclude:business	
L1.18.7	exclude:business	
L1.18.8	exclude:business	
L1.18.9	exclude:business	
L1.18.10	exclude:business	
L1.19	exclude:heading	
L1.19.1	exclude:business	
L1.19.2	exclude:allocation	
L1.19.3	exclude:allocation	
L1.19.4	exclude:business	
L1.19.5	item:geran_digital_penjaja	
L1.19.6	exclude:institution	
L1.19.7	exclude:institution	
L1.19.8	exclude:business	
L1.19.9	exclude:business	
L1.19.10	exclude:infra	
L1.19.11	exclude:governance	
L1.20	exclude:heading	
L1.20.1	item:forest_city_bebas_cukai	
L1.20.2	exclude:business	
L1.20.3	exclude:business	
L1.20.4	exclude:governance	
L1.21	exclude:heading	
L1.21.1	exclude:business	
L1.21.2	exclude:business	
L1.21.3	exclude:business	
L1.21.4	exclude:infra	
L1.22	exclude:heading	
L1.22.1	exclude:allocation	
L1.22.2	exclude:business	
L1.22.3	exclude:business	
L1.22.4	exclude:business	
L1.22.5	exclude:business	
L1.22.6	exclude:allocation	
L1.22.7	exclude:allocation	
L1.22.8	exclude:allocation	
L1.22.9	exclude:allocation	
L1.22.10	exclude:infra	
L1.22.11	exclude:infra	
L1.22.12	exclude:infra	
L1.22.13	exclude:business	
L1.22.14	exclude:allocation	
L1.22.15	exclude:allocation	
L1.22.16	exclude:allocation	
L1.23	exclude:heading	
L1.23.1	exclude:governance	
L1.23.2	exclude:governance	
L1.24	exclude:heading	
L1.24.1	exclude:allocation	
L1.24.2	exclude:infra	
L1.24.3	exclude:heading	
L1.24.4	exclude:infra	
L1.24.5	exclude:business	
L1.24.6	item:nem_solar	
L1.24.7	exclude:governance	
L1.24.8	exclude:governance	
L1.24.9	item:e_rebat	
L1.24.10	exclude:infra	
L1.24.11	exclude:governance	
L1.24.12	item:motosikal_elektrik	
L1.24.13	exclude:business	
L1.24.14	item:rooftop_solar_baharu	
L1.25	exclude:heading	
L1.25.1	exclude:institution	
L1.25.2	exclude:institution	
L1.25.3	exclude:infra	
L1.25.4	exclude:infra	
L1.25.5	exclude:governance	
L1.25.6	exclude:governance	
L1.25.7	exclude:governance	
L1.25.8	exclude:infra	
L1.26	exclude:heading	
L1.26.1	exclude:institution	
L1.26.2	exclude:business	
L1.26.3	item:insentif_penternak	
L1.26.4	item:insentif_penternak	
L1.26.5	item:insentif_penternak	
L1.26.6	exclude:infra	
L1.26.7	exclude:infra	
L1.26.8	exclude:infra	
L1.26.9	exclude:governance	
L1.26.10	item:subsidi_pesawah_nelayan	
L1.26.11	item:rumah_nelayan	
L1.26.12	item:rumah_nelayan	
L1.26.13	exclude:business	
L1.26.14	exclude:institution	
L1.26.15	item:pekebun_kecil_hasil_baharu	
L1.26.16	exclude:allocation	
L1.26.17	item:tabung_bencana_pertanian	
L1.26.18	exclude:governance	
L1.26.19	exclude:governance	
L1.27	exclude:heading	
L1.27.1	exclude:allocation	
L1.27.2	item:tanam_semula_sawit	
L1.27.3	exclude:business	
L1.27.4	exclude:allocation	
L1.27.5	item:insentif_lateks	
L1.27.6	exclude:business	
L1.27.7	exclude:allocation	
L1.27.8	exclude:infra	
L1.28	exclude:heading	
L1.28.1	exclude:business	
L1.28.2	item:itekad	
L1.28.3	exclude:business	
L1.28.4	exclude:institution	
L1.29	exclude:heading	
L1.29.1	exclude:governance	
L1.29.2	exclude:governance	
L1.29.3	exclude:business	
L1.29.4	exclude:business	
L1.30	exclude:heading	
L1.30.1	item:rumah_warga_emas_kwap	
L1.30.2	item:rumah_wakaf_uda	
L1.30.3	item:lppsa_wakaf	
L1.30.4	item:sjkp_wakaf	
L1.30.5	exclude:governance	
L1.30.6	exclude:institution	
L1.31	exclude:heading	
L1.31.1	item:komuniti_india	
L1.31.2	item:komuniti_india	
L1.31.3	exclude:allocation	
L1.31.4	exclude:business	
L1.31.5	exclude:business	
L1.31.6	item:pinjaman_mikro	
L1.31.7	exclude:business	
L1.31.8	exclude:business	
L1.31.9	exclude:business	
L1.31.10	exclude:business	
L1.31.11	exclude:business	
L1.31.12	exclude:business	
L1.31.13	exclude:business	
L1.31.14	exclude:business	
L1.31.15	exclude:business	
L1.31.16	exclude:business	
L1.31.17	exclude:business	
L1.32	exclude:heading	
L1.32.1	item:tamu_desa	
L1.32.2	item:shift_wilayah	
L1.33	exclude:heading	
L1.33.1	exclude:business	
L1.33.2	exclude:business	
L1.33.3	exclude:governance	
L1.33.4	exclude:infra	
L1.33.5	exclude:allocation	
L1.33.6	item:pembiayaan_bumiputera	
L1.33.7	item:pembiayaan_bumiputera	
L1.34	exclude:heading	
L1.34.1	item:str_sara	
L1.34.2	item:jkm_bantuan	
L1.34.3	item:payung_rahmah	
L1.34.4	exclude:allocation	
L1.34.5	item:harga_pedalaman	
L1.34.6	item:rebat_elektrik	
L1.34.7	item:penyeragaman_harga	
L1.35	exclude:heading	
L1.35.1	item:gaji_minimum	
L1.35.2	item:gaji_minimum	
L1.35.3	item:gaji_progresif	
L1.35.4	item:ipr	
L1.35.5	item:usahawan_isteri_tentera	
L1.35.6	item:mystep	
L1.35.7	item:jkm_2yep	
L1.36	exclude:heading	
L1.36.1	item:i_saraan	
L1.36.2	item:i_suri	
L1.36.3	item:sksps	
L1.36.4	item:perlindungan_tenang	
L1.36.5	item:kwsp_pindah_generasi	
L1.36.6	exclude:non-citizen	
L1.36.7	item:myinsentif_kesuma	
L1.37	exclude:heading	
L1.37.1	exclude:allocation	
L1.37.2	exclude:infra	
L1.37.3	exclude:infra	
L1.37.4	exclude:infra	
L1.37.5	exclude:infra	
L1.37.6	exclude:infra	
L1.37.7	exclude:governance	
L1.37.8	item:bap	
L1.37.9	item:kwapm	
L1.37.10	exclude:institution	
L1.37.11	exclude:institution	
L1.37.12	item:elaun_siswa_guru	
L1.37.13	exclude:allocation	
L1.37.14	exclude:infra	
L1.37.15	item:bantuan_makanan_prasekolah	
L1.38	exclude:heading	
L1.38.1	exclude:allocation	
L1.38.2	item:biasiswa_pinjaman	
L1.38.3	item:biasiswa_glic	
L1.38.4	item:ptptn_stem	
L1.38.5	item:gapai	
L1.38.6	item:celik_madani	
L1.38.7	exclude:infra	
L1.38.8	exclude:infra	
L1.38.9	exclude:institution	
L1.38.10	exclude:infra	
L1.38.11	exclude:infra	
L1.38.12	exclude:business	
L1.38.13	exclude:institution	
L1.38.14	exclude:infra	
L1.39	exclude:heading	
L1.39.1	exclude:institution	
L1.39.2	exclude:allocation	
L1.39.3	exclude:institution	
L1.39.4	exclude:allocation	
L1.40	exclude:heading	
L1.40.1	item:tvet_belia_rentan	
L1.40.2	exclude:business	
L1.40.3	exclude:business	
L1.40.4	exclude:business	
L1.40.5	exclude:business	
L1.40.6	exclude:institution	
L1.40.7	item:ptpk	
L1.40.8	item:latihan_madani_hrd	
L1.40.9	item:k_youth	
L1.40.10	item:tahfiz_kemahiran	
L1.40.11	item:giatmara_gig	
L1.40.12	exclude:infra	
L1.40.13	item:pembelajaran_sepanjang_hayat	
L1.40.14	exclude:infra	
L1.40.15	item:tvet_belia_autisme	
L1.40.16	exclude:institution	
L1.40.17	item:latihan_pelaut	
L1.40.18	exclude:business	
L1.41	exclude:heading	
L1.41.1	exclude:allocation	
L1.41.2	exclude:allocation	
L1.41.3	exclude:infra	
L1.41.4	item:ubat_sglt2	
L1.41.5	item:dialisis_peritoneal	
L1.41.6	exclude:allocation	
L1.41.7	exclude:allocation	
L1.41.8	exclude:allocation	
L1.41.9	item:rakan_kkm	
L1.41.10	exclude:allocation	
L1.41.11	exclude:business	
L1.41.12	exclude:business	
L1.41.13	exclude:infra	
L1.41.14	exclude:infra	
L1.41.15	exclude:infra	
L1.41.16	exclude:infra	
L1.41.17	item:penyakit_jarang_jumpa	
L1.41.18	item:mysalam	
L1.41.19	exclude:infra	
L1.41.20	exclude:infra	
L1.41.21	exclude:infra	
L1.41.22	exclude:allocation	
L1.41.23	exclude:allocation	
L1.41.24	item:skim_perubatan_madani	
L1.41.25	exclude:allocation	
L1.41.26	item:peka_b40	
L1.41.27	item:dialisis_yayasan_hasanah	
L1.42	exclude:heading	
L1.42.1	item:prr	
L1.42.2	item:rmr	
L1.42.3	item:sjkp	
L1.42.4	item:bantuan_bina_rumah	
L1.42.5	exclude:rhetoric	
L1.42.6	exclude:rhetoric	
L1.42.7	exclude:infra	
L1.42.8	exclude:infra	
L1.42.9	exclude:infra	
L1.42.10	exclude:infra	
L1.42.11	exclude:allocation	
L1.42.12	exclude:institution	
L1.42.13	exclude:institution	
L1.42.14	exclude:business	
L1.42.15	exclude:infra	
L1.42.16	exclude:institution	
L1.42.17	exclude:infra	
L1.43	exclude:heading	
L1.43.1	exclude:infra	
L1.43.2	exclude:governance	
L1.43.3	item:skim_kesejahteraan_rakyat	
L1.44	exclude:heading	
L1.44.1	exclude:governance	
L1.44.2	exclude:business	
L1.44.3	exclude:infra	
L1.45	exclude:heading	
L1.45.1	item:subsidi_udara_pedalaman	
L1.45.2	item:my50	
L1.45.3	item:tambang_percuma_pelajar	
L1.45.4	exclude:infra	
L1.45.5	exclude:infra	
L1.45.6	exclude:infra	
L1.45.7	exclude:governance	
L1.45.8	exclude:infra	
L1.45.9	exclude:infra	
L1.45.10	exclude:business	
L1.45.11	exclude:infra	
L1.45.12	exclude:infra	
L1.45.13	exclude:infra	
L1.45.14	exclude:infra	
L1.45.15	exclude:allocation	
L1.45.16	exclude:infra	
L1.45.17	exclude:infra	
L1.45.18	exclude:allocation	
L1.46	exclude:heading	
L1.46.1	exclude:governance	
L1.46.2	item:pemerkasaan_wanita	
L1.46.3	item:returnship	
L1.46.4	item:institusi_keluarga	
L1.46.5	exclude:institution	
L1.46.6	exclude:institution	
L1.46.7	exclude:governance	
L1.47	exclude:heading	
L1.47.1	item:plkn	
L1.47.2	item:rakan_muda	
L1.47.3	item:step_up_financing	
L1.47.4	item:likes	
L1.47.5	item:tube	
L1.47.6	exclude:institution	
L1.48	exclude:heading	
L1.48.1	item:hepatitis_b_ibu_hamil	
L1.48.2	exclude:infra	
L1.48.3	exclude:infra	
L1.48.4	exclude:infra	
L1.48.5	item:elaun_mbk	
L1.48.6	item:bantuan_autisme	
L1.48.7	item:subsidi_yuran_taska	
L1.48.8	exclude:non-citizen	
L1.48.9	exclude:allocation	
L1.49	exclude:heading	
L1.49.1	item:warga_emas_jkm	
L1.49.2	exclude:institution	
L1.50	exclude:heading	
L1.50.1	item:bantuan_oku	
L1.50.2	item:bantuan_oku	
L1.50.3	item:elaun_pekerja_oku	
L1.50.4	exclude:infra	
L1.50.5	exclude:institution	
L1.50.6	exclude:governance	
L1.50.7	exclude:governance	
L1.50.8	exclude:infra	
L1.50.9	item:oku_perniagaan_fi	
L1.50.10	exclude:infra	
L1.51	exclude:heading	
L1.51.1	exclude:allocation	
L1.51.2	exclude:institution	
L1.51.3	exclude:infra	
L1.51.4	item:community_feeding_orang_asli	
L1.51.5	item:tajaan_mara_orang_asli	
L1.52	exclude:heading	
L1.52.1	item:insolvensi	
L1.52.2	exclude:institution	
L1.52.3	exclude:non-citizen	
L1.52.4	exclude:governance	
L1.52.5	exclude:governance	
L1.53	exclude:heading	
L1.53.1	exclude:institution	
L1.53.2	exclude:allocation	
L1.53.3	exclude:infra	
L1.53.4	exclude:governance	
L1.53.5	item:wang_saku_ipdas	
L1.53.6	item:sumbangan_khas_imam_kafa	
L1.53.7	exclude:infra	
L1.53.8	exclude:infra	
L1.53.9	exclude:infra	
L1.53.10	exclude:institution	
L1.53.11	item:elaun_imam_kafa	
L1.54	exclude:heading	
L1.54.1	exclude:institution	
L1.54.2	exclude:institution	
L1.54.3	exclude:infra	
L1.54.4	exclude:institution	
L1.54.5	exclude:institution	
L1.54.6	exclude:allocation	
L1.54.7	exclude:institution	
L1.54.8	exclude:institution	
L1.54.9	exclude:infra	
L1.54.10	exclude:infra	
L1.55	exclude:heading	
L1.55.1	exclude:institution	
L1.55.2	exclude:institution	
L1.55.3	exclude:institution	
L1.55.4	exclude:institution	
L1.55.5	exclude:infra	
L1.55.6	exclude:institution	
L1.55.7	exclude:institution	
L1.56	exclude:heading	
L1.56.1	exclude:institution	
L1.56.2	exclude:business	
L1.56.3	exclude:business	
L1.56.4	exclude:business	
L1.56.5	item:belia_kreatif	
L1.56.6	exclude:infra	
L1.56.7	exclude:allocation	
L1.56.8	exclude:business	
L1.57	exclude:heading	
L1.57.1	exclude:allocation	
L1.57.2	exclude:infra	
L1.57.3	exclude:infra	
L1.57.4	exclude:allocation	
L1.57.5	exclude:infra	
L1.57.6	item:protege_veteran	
L1.57.7	exclude:infra	
L1.57.8	exclude:allocation	
L1.57.9	exclude:business	
L1.58	exclude:heading	
L1.58.1	exclude:infra	
L1.58.2	exclude:infra	
L1.58.3	exclude:infra	
L1.58.4	exclude:governance	
L1.58.5	exclude:infra	
L1.59	exclude:heading	
L1.59.1	item:etap_kkm	
L1.59.2	item:apel_q	
L1.59.3	exclude:institution	
L1.59.4	item:wbl_atm	
L1.59.5	exclude:infra	
L1.59.6	exclude:infra	
L1.59.7	item:lppsa_muda	
L1.59.8	item:ex_gratia_bencana_kerja	
L1.59.9	item:bsh_veteran	
L1.59.10	item:penghargaan_pesara	
L1.59.11	exclude:governance	
L1.59.12	item:sspa	
L1.59.13	item:pelarasan_pencen	
L1.59.14	item:bantuan_khas_penjawat_awam	
L1.59.15	exclude:heading	
L1.59.16	exclude:heading	
L1.59.17	exclude:heading	
L1.59.18	exclude:heading	
L1.59.19	exclude:heading	
L1.59.20	exclude:heading	
L1.59.21	exclude:heading	
L1.59.22	exclude:heading	
L1.59.23	exclude:heading	
L1.59.24	exclude:heading	
L1.59.25	exclude:heading	
L1.59.26	exclude:heading	
L1.59.27	exclude:heading	
L1.59.28	exclude:heading	
L1.59.29	exclude:heading	
L1.59.30	exclude:heading	
L1.59.31	exclude:heading	
L1.59.32	exclude:heading	
L1.59.33	exclude:heading	
L1.59.34	exclude:heading	
L1.59.35	exclude:heading	
L1.59.36	exclude:heading	
L1.59.37	exclude:heading	
L1.59.38	exclude:heading	
L1.59.39	exclude:heading	
L1.59.40	exclude:heading	
L1.59.41	exclude:heading	
L1.59.42	exclude:heading	
L1.59.43	exclude:heading	
L2.1	item:pelepasan_perubatan	
L2.2	item:pelepasan_oku	
L2.3	item:pelepasan_sukan_warga_emas	
L2.4	item:pelepasan_prs	
L2.5	item:pelepasan_insurans	
L2.6	item:pelepasan_sspn	
L2.7	item:pelepasan_rumah_pertama	
L2.8	item:pelepasan_taska	
L2.9	item:pelepasan_kompos	
L2.10	item:cukai_dividen	
L2.11	exclude:business	
L2.12	exclude:business	
L2.13	exclude:business	
L2.14	item:duti_setem_insurans	
L2.15	item:duti_setem_syariah	
L2.16	exclude:business	
L2.17	item:duti_setem_pembiayaan_mikro	
L2.18	exclude:governance	
L2.19	exclude:business	
L2.20	exclude:business	
L2.21	exclude:business	
L2.22	exclude:business	
L2.23	exclude:business	
L2.24	exclude:business	
L2.25	item:duti_minuman_bergula	
L2.26	exclude:business	
L2.27	exclude:business	
L2.28	item:bra_mastektomi	
L2.29	item:cukai_jualan_perkhidmatan	
